{
  "hash": "2456a171",
  "configHash": "eeb626a8",
  "lockfileHash": "a36e481d",
  "browserHash": "f69d15f0",
  "optimized": {
    "@angular/common/http": {
      "src": "../../../../../node_modules/@angular/common/fesm2022/http.mjs",
      "file": "@angular_common_http.js",
      "fileHash": "4ab276b1",
      "needsInterop": false
    },
    "@angular/core": {
      "src": "../../../../../node_modules/@angular/core/fesm2022/core.mjs",
      "file": "@angular_core.js",
      "fileHash": "eb7204b2",
      "needsInterop": false
    },
    "@angular/platform-browser": {
      "src": "../../../../../node_modules/@angular/platform-browser/fesm2022/platform-browser.mjs",
      "file": "@angular_platform-browser.js",
      "fileHash": "ea02a33c",
      "needsInterop": false
    },
    "@angular/router": {
      "src": "../../../../../node_modules/@angular/router/fesm2022/router.mjs",
      "file": "@angular_router.js",
      "fileHash": "6938eee5",
      "needsInterop": false
    },
    "@angular/common": {
      "src": "../../../../../node_modules/@angular/common/fesm2022/common.mjs",
      "file": "@angular_common.js",
      "fileHash": "4edd6bdf",
      "needsInterop": false
    }
  },
  "chunks": {
    "chunk-6UHNDOQK": {
      "file": "chunk-6UHNDOQK.js"
    },
    "chunk-KXEIAQRD": {
      "file": "chunk-KXEIAQRD.js"
    },
    "chunk-5WF355N4": {
      "file": "chunk-5WF355N4.js"
    },
    "chunk-NMHESRE7": {
      "file": "chunk-NMHESRE7.js"
    }
  }
}